username,film1,year1,film2,year2,film3,year3,film4,year4
hookwing,In the Mood for Love, 2000, Barry Lyndon, 1975, Neon Genesis Evangelion: The End of Evangelion, 1997, aftersun,2022
mjohnson18,High Plains Drifter,1973,Where Eagles Dare,1968,Escape from Alcatraz,1979,In the Line of Fire,1993
northernlion,Boogie Nights,1997,Singin’ in the Rai,1952,Le Bonheur,1965,There Will Be Blood,2007
joshuaguerrero,The Empire Strikes Back,1980,Batman v Superman: Dawn of Justice,2016,Joker,2019,War for the Planet of the Apes,2017
akunuk,A Knight's Tale,2001, Pirates of the Caribbean: The Curse of the Black Pearl,2003,The Good the Bad and the Ugly,1966,Monster House,2006
mkdannelly,Dirty Dancing,1987,We Live in Time,2024,The Pianist,2002,Pride & Prejudice,2005
mattwolf,Akira,1988,Dune,2021,Phantom Thread,2017,The Worst Person in the World,2021
screamtwo,Before Sunrise,1995,Columbus,2017,Chungking Express,1994,La La Land,2016
grifflightning,Avatar,2009,Avatar: The Way of Water,2022,Avatar: Fire and Ash,2025,TÁR,2022
davidlsims,The Green Ray,1986,The Seventh Seal,1957,Point Break,1991,Old,2021
grassfed,The Piano Teacher,2001,The Young Pope,2016,Happy as Lazzaro,2018,The Beast,2023
lilfilm,The Idiots,1998,Nights of Cabiria,1957,Oasis,2002,Miami Connection,1987
jaragon23,Andor: A Disney+ Day Special Look,2022,Titanic,1997,The Ox-Bow Incident,1943,Furiosa: A Mad Max Saga,2024
patrickhwillems,Kiki's Delivery Service,1989,The Matrix,1999,Evil Dead II,1987,Rushmore,1998
sardonicastunof,Synecdoche New York,2008,The Big Lebowski,1998,Nashville,1975,Bad Boy Bubby,1993
cosmonautmarkie,Synecdoche New York,2008,The Truman Show,1998,Wet Hot American Summer,2001,Unbreakable,2000
thomasflight,The Tree of Life,2011,Koyaanisqatsi,1982,Phantom Thread,2017,Perfect Days,2023
jimmycthatsme,Children of Men ,2006,Triangle of Sadness,2022,The Matrix,1999,The 'Burbs,1989
kurstboy,A History of Violence,2005,The Train,1964,Hoop Dreams,1994,Slap Shot,1977
sethsreviews,The Matrix,1999,The Insider,1999,Bullet Ballet,1998,Pulse,2001
gigiwatches,Pierrot le Fou,1965,The Royal Tenenbaums,2001,Twin Peaks: Fire Walk with Me,1992,Phantom Thread,2017
johnkana,TRON: Legacy,2010,The Thing,1982,Tombstone,1993,Blue Velvet,1986